user_id,name,vm_url
1,First Name,https://gototmypc.com
2,First Name,https://gototmypc.com
3,First Name,https://gototmypc.com
4,First Name,https://gototmypc.com
5,First Name,https://gototmypc.com
6,First Name,https://gototmypc.com
7,First Name,https://gototmypc.com
8,First Name,https://gototmypc.com
9,First Name,https://gototmypc.com
10,First Name,https://gototmypc.com
11,First Name,https://gototmypc.com
12,First Name,https://gototmypc.com
13,First Name,https://gototmypc.com
14,First Name,https://gototmypc.com
15,First Name,https://gototmypc.com
16,First Name,https://gototmypc.com
17,First Name,https://gototmypc.com
18,First Name,https://gototmypc.com
19,First Name,https://gototmypc.com
20,First Name,https://gototmypc.com